{
	"format_version": "1.8.0",
	"animations": {
		"animation.model.hit.new2": {
			"animation_length": 0.70833,
			"bones": {
				"Rleg": {
					"rotation": {
						"0.0": [-0.1096, 1.60921, -0.24927],
						"0.2917": [-15, 0, 0],
						"0.7083": [-2.90635, 2.05863, -2.19874]
					},
					"position": {
						"0.0": [0, 0, -5],
						"0.2917": [0, 0, 5],
						"0.4167": [0, 0, 6],
						"0.7083": [0, 0, 3]
					}
				},
				"LLeg": {
					"rotation": {
						"0.0": [0, 0, 0],
						"0.2917": [-55, 0, 0],
						"0.4167": [22.5, 0, 0],
						"0.7083": [2.5, 0, 0]
					},
					"position": {
						"0.0": [0, 0, -5],
						"0.2917": [0, -1, 4],
						"0.4167": [0, -1, 9],
						"0.7083": [0, -1, 3]
					}
				},
				"RArm": {
					"rotation": {
						"0.0": [2.5, 0, 0],
						"0.2917": [-35, 0, 0],
						"0.5833": [45, 0, 0],
						"0.7083": [12.5, 0, 0]
					},
					"position": {
						"0.0": [0, 0, -5],
						"0.2917": [0, 0, 6],
						"0.7083": [0, 0, 2]
					}
				},
				"LArm": {
					"rotation": {
						"0.0": [0, 0, 0],
						"0.2917": [-82.5, 0, 0],
						"0.5833": [30, 0, 0],
						"0.7083": [-10, 0, 0]
					},
					"position": {
						"0.0": [0, 0, -5],
						"0.2917": [0, 0, 5],
						"0.5833": [0, 0, 6],
						"0.7083": [0, 0, 4]
					}
				},
				"Head": {
					"rotation": {
						"0.0": [2.5, 0, 0],
						"0.2917": [35, 0, 0],
						"0.5833": [-15, 0, 0],
						"0.7083": [10, 0, 0]
					},
					"position": {
						"0.0": [0, 0, -5],
						"0.2917": [0, 0, 4]
					}
				},
				"Body": {
					"rotation": [0, 0, 0],
					"position": {
						"0.0": [0, 0, -5],
						"0.2917": [0, 0, 6],
						"0.5833": [0, 0, 7],
						"0.7083": [0, 0, 3]
					},
					"scale": 1
				}
			}
		}
	}
}