{
	"format_version": "1.8.0",
	"animations": {
		"animation.model.sinky_die": {
			"animation_length": 1.91667,
			"bones": {
				"head": {
					"rotation": {
						"0.0": {
							"vector": [0, 0, 0]
						},
						"0.25": {
							"vector": [30, 0, 0]
						},
						"0.5833": {
							"vector": [55, 0, 0]
						}
					},
					"position": {
						"0.0": {
							"vector": [0, 0, 0]
						},
						"0.25": {
							"vector": [0, 8, 7.5]
						},
						"0.5833": {
							"vector": [0, 2, 7.5]
						},
						"0.9167": {
							"vector": [0, -3, 5.5]
						},
						"1.0833": {
							"vector": [0, -8, 2.5]
						},
						"1.375": {
							"vector": [0, -16, -0.5]
						},
						"1.625": {
							"vector": [0, -21, -3.5]
						}
					}
				},
				"tail": {
					"rotation": {
						"0.0": {
							"vector": [0, 0, 0]
						},
						"0.25": {
							"vector": [-52.5, 0, 0]
						},
						"0.5833": {
							"vector": [-22.5, 0, 0]
						},
						"0.9167": {
							"vector": [18.54835, -19.03771, -6.24605]
						},
						"1.0833": {
							"vector": [47.25603, 23.51818, 3.58822]
						},
						"1.375": {
							"vector": [62.30557, -8.8827, -19.70207]
						},
						"1.625": {
							"vector": [62.7269, 10.1875, 15.6266]
						}
					},
					"position": {
						"0.0": {
							"vector": [0, 0, 0]
						},
						"0.25": {
							"vector": [0, 2.5, 5]
						},
						"0.5833": {
							"vector": [0, 6.5, 2.75]
						},
						"0.9167": {
							"vector": [0, 5.75, 0.75]
						},
						"1.0833": {
							"vector": [0.25, 2, -4.5]
						},
						"1.375": {
							"vector": [0.25, -5, -9.5]
						},
						"1.625": {
							"vector": [0.25, -9, -11.5]
						}
					}
				},
				"body": {
					"rotation": {
						"0.0": {
							"vector": [0, 0, 0]
						},
						"0.25": {
							"vector": [-32.5, 0, 0]
						},
						"0.5833": {
							"vector": [27.5, 0, 0]
						},
						"0.9167": {
							"vector": [47.5, 0, 0]
						},
						"1.0833": {
							"vector": [65, 0, 0]
						},
						"1.375": {
							"vector": [80, 0, 0]
						},
						"1.625": {
							"vector": [70, 0, 0]
						}
					},
					"position": {
						"0.0": {
							"vector": [0, 0, 0]
						},
						"0.25": {
							"vector": [0, 5, 6]
						},
						"0.9167": {
							"vector": [0, 1.5, 3.25]
						},
						"1.0833": {
							"vector": [0, -2.5, -0.75]
						},
						"1.375": {
							"vector": [0, -10.5, -3.75]
						},
						"1.625": {
							"vector": [0, -14.5, -6.75]
						}
					}
				},
				"tail2": {
					"rotation": {
						"0.0": {
							"vector": [0, 0, 0]
						},
						"0.25": {
							"vector": [-50, 0, 0]
						},
						"0.5833": {
							"vector": [-50, 0, 0]
						},
						"0.9167": {
							"vector": [-0.76563, -27.00634, 4.49528]
						},
						"1.0833": {
							"vector": [44.18674, 32.98895, 3.70478]
						},
						"1.375": {
							"vector": [56.76881, -12.39915, -33.30001]
						},
						"1.625": {
							"vector": [60.96107, 20.86504, 17.52675]
						}
					},
					"position": {
						"0.0": {
							"vector": [0, 0, 0]
						},
						"0.25": {
							"vector": [0, 3, 5]
						},
						"0.5833": {
							"vector": [0, 8, 3]
						},
						"0.9167": {
							"vector": [0, 7, 0]
						},
						"1.0833": {
							"vector": [0, 2, -4.75]
						},
						"1.375": {
							"vector": [0.75, -4, -9.75]
						},
						"1.625": {
							"vector": [0.75, -9, -11.75]
						}
					}
				}
			}
		}
	},
	"geckolib_format_version": 2
}